{
    "accuracy": 0.98,
    "precision_anomaly": 1.0,
    "recall_anomaly": 0.75,
    "f1_score_anomaly": 0.8571428571428571,
    "confusion_matrix": [
        [
            1840,
            0
        ],
        [
            40,
            120
        ]
    ],
    "classification_report": {
        "normal (0)": {
            "precision": 0.9787234042553191,
            "recall": 1.0,
            "f1-score": 0.989247311827957,
            "support": 1840.0
        },
        "anomaly (1)": {
            "precision": 1.0,
            "recall": 0.75,
            "f1-score": 0.8571428571428571,
            "support": 160.0
        },
        "accuracy": 0.98,
        "macro avg": {
            "precision": 0.9893617021276595,
            "recall": 0.875,
            "f1-score": 0.9231950844854071,
            "support": 2000.0
        },
        "weighted avg": {
            "precision": 0.9804255319148936,
            "recall": 0.98,
            "f1-score": 0.978678955453149,
            "support": 2000.0
        }
    },
    "model_type": "gmm"
}