{
    "Normal (0)": {
        "precision": 0.0,
        "recall": 0.0,
        "f1-score": 0.0,
        "support": 1840.0
    },
    "Anomaly (1)": {
        "precision": 0.08,
        "recall": 1.0,
        "f1-score": 0.14814814814814814,
        "support": 160.0
    },
    "accuracy": 0.08,
    "macro avg": {
        "precision": 0.04,
        "recall": 0.5,
        "f1-score": 0.07407407407407407,
        "support": 2000.0
    },
    "weighted avg": {
        "precision": 0.0064,
        "recall": 0.08,
        "f1-score": 0.011851851851851851,
        "support": 2000.0
    }
}